"","date","time","size","version","os","country","ip_id"
"1",2017-10-23,14:29:18,78171332,"3.4.2","win","ES",1
"2",2017-10-23,14:29:22,20692638,"3.4.2","win","PT",2
"3",2017-10-23,14:29:57,972075,"3.4.2","win","PL",3
"4",2017-10-23,14:30:00,1032203,"3.0.3","win","JP",4
"5",2017-10-23,14:30:18,78171332,"3.4.2","win","CN",5
"6",2017-10-23,14:30:50,64228612,"3.4.2","osx","US",6
"7",2017-10-23,14:31:02,78171332,"3.4.2","win","US",7
"8",2017-10-23,14:32:06,78171331,"3.4.2","win","US",8
"9",2017-10-23,14:32:09,78171332,"3.4.2","win","DE",9
"10",2017-10-23,14:32:14,78171331,"3.4.2","win","JP",10
"11",2017-10-23,14:32:34,64228612,"3.4.2","osx","SE",11
"12",2017-10-23,14:32:58,78171331,"3.4.2","win","CA",12
"13",2017-10-23,14:32:59,49905482,"3.4.2","win","IN",13
"14",2017-10-23,14:32:59,78171332,"3.4.2","win","IN",14
"15",2017-10-23,14:33:21,78171332,"3.4.2","win","US",15
"16",2017-10-23,14:33:29,78171332,"3.4.2","win","KR",16
"17",2017-10-23,14:33:54,78171332,"3.4.2","win","US",17
"18",2017-10-23,14:34:31,64228613,"3.4.2","osx","US",18
"19",2017-10-23,14:35:03,78171331,"3.4.2","win","GB",19
"20",2017-10-23,14:35:28,78171332,"3.4.2","win","US",20
"21",2017-10-23,14:35:33,78171331,"3.4.2","win","US",21
"22",2017-10-23,14:36:16,78171328,"3.4.2","win","US",22
"23",2017-10-23,14:36:21,64228612,"3.4.2","osx","BE",23
"24",2017-10-23,14:36:36,78171331,"3.4.2","win","US",24
"25",2017-10-23,14:36:38,78171332,"3.4.2","win","RU",25
"26",2017-10-23,14:36:40,78171331,"3.4.2","win","US",26
"27",2017-10-23,14:37:09,78171331,"3.4.2","win","FR",27
"28",2017-10-23,14:37:41,78171330,"3.4.2","win","FR",28
"29",2017-10-23,14:38:11,78171331,"3.4.2","win","IN",29
"30",2017-10-23,14:38:26,78171328,"3.4.2","win","US",30
"31",2017-10-23,15:09:57,23265177,"3.4.2","win","CN",31
"32",2017-10-23,15:09:55,78171332,"3.4.2","win","DE",32
"33",2017-10-23,15:09:47,78171331,"3.4.2","win","IN",33
"34",2017-10-23,15:10:10,78171331,"3.4.2","win","GB",34
"35",2017-10-23,15:11:00,30200630,"3.4.1","src","JP",35
"36",2017-10-23,15:11:03,78171331,"3.4.2","win","GB",36
"37",2017-10-23,15:11:08,78171331,"3.4.2","win","IN",37
"38",2017-10-23,15:11:15,78171331,"3.4.2","win","US",38
"39",2017-10-23,15:11:22,74286538,"3.3.3","win","FR",39
"40",2017-10-23,15:11:26,78171331,"3.4.2","win","CA",40
"41",2017-10-23,15:11:53,78171331,"3.4.2","win","US",41
"42",2017-10-23,15:11:25,78171328,"3.4.2","win","AU",42
"43",2017-10-23,15:11:22,78171331,"3.4.2","win","CZ",43
"44",2017-10-23,15:12:11,64228609,"3.4.2","osx","ID",44
"45",2017-10-23,15:13:05,78171332,"3.4.2","win","CA",45
"46",2017-10-23,15:13:07,78171332,"3.4.2","win","GB",36
"47",2017-10-23,15:13:11,5209954,"3.4.2","win","ID",46
"48",2017-10-23,15:13:20,64228612,"3.4.2","osx","DE",47
"49",2017-10-23,15:13:08,2146146,"3.4.2","win","ID",46
"50",2017-10-23,15:13:27,64228613,"3.4.2","osx","US",48
"51",2017-10-23,15:13:48,78171331,"3.4.2","win","MX",49
"52",2017-10-23,15:13:57,74286538,"3.3.3","win","US",50
"53",2017-10-23,15:14:07,32636551,"3.4.2","win","GB",51
"54",2017-10-23,15:14:17,78171328,"3.4.2","win","ES",52
"55",2017-10-23,15:14:18,78171332,"3.4.2","win","GB",51
"56",2017-10-23,15:15:02,74889236,"3.3.3","osx","DE",47
"57",2017-10-23,15:15:12,78171331,"3.4.2","win","ES",53
"58",2017-10-23,15:15:16,64228609,"3.4.2","osx","CO",54
"59",2017-10-23,15:15:08,64228612,"3.4.2","osx","NL",55
"60",2017-10-23,15:15:31,78171332,"3.4.2","win","CL",56
"61",2017-10-23,15:15:41,78171331,"3.4.2","win","RO",57
"62",2017-10-23,15:15:38,78171328,"3.4.2","win","ID",46
"63",2017-10-23,15:15:56,78171332,"3.4.2","win","US",58
"64",2017-10-23,15:15:55,74889236,"3.3.3","osx","IE",59
"65",2017-10-23,15:16:13,64228609,"3.4.2","osx","US",60
"66",2017-10-23,15:16:38,64228613,"3.4.2","osx","CA",61
"67",2017-10-23,15:16:41,64228609,"latest",NA,"US",62
"68",2017-10-23,15:16:49,78171332,"3.4.2","win","US",63
"69",2017-10-23,15:16:54,78171332,"3.4.2","win","US",64
"70",2017-10-23,15:17:08,78171332,"3.4.2","win","GB",65
"71",2017-10-23,15:16:53,78171332,"3.4.2","win","IN",66
"72",2017-10-23,15:16:48,78171328,"3.4.2","win","PH",67
"73",2017-10-23,15:17:14,78171331,"3.4.2","win","DE",68
"74",2017-10-23,15:17:17,78171331,"3.4.2","win","IT",69
"75",2017-10-23,15:17:38,78171332,"3.4.2","win","US",70
"76",2017-10-23,15:18:11,78171332,"3.4.2","win","GB",71
"77",2017-10-23,15:18:32,64228613,"3.4.2","osx","GB",72
"78",2017-10-23,22:00:23,78171328,"3.4.2","win","US",73
"79",2017-10-23,22:01:17,78171331,"3.4.2","win","CA",74
"80",2017-10-23,22:01:26,78171331,"3.4.2","win","FR",75
"81",2017-10-23,22:01:40,78087046,"3.4.1","win","AU",76
"82",2017-10-23,21:02:48,78171331,"3.4.2","win","NZ",77
"83",2017-10-23,21:03:08,78171332,"3.4.2","win","FR",78
"84",2017-10-23,21:03:43,5096262,"3.4.2","win","FR",78
"85",2017-10-23,21:04:16,30256071,"3.4.2","src","RU",79
"86",2017-10-23,21:04:55,78171332,"3.4.2","win","CA",80
"87",2017-10-23,21:06:00,78171331,"3.4.2","win","US",81
"88",2017-10-23,21:07:55,78171331,"3.4.2","win","US",82
"89",2017-10-23,21:08:02,78171331,"3.4.2","win","US",83
"90",2017-10-23,21:08:12,78171331,"3.4.2","win","US",84
"91",2017-10-23,21:08:03,78171328,"3.4.2","win","RU",85
"92",2017-10-23,21:07:52,78171328,"3.4.2","win","PL",86
"93",2017-10-23,21:08:41,78171332,"3.4.2","win","CH",87
"94",2017-10-23,21:09:03,78171331,"3.4.2","win","US",83
"95",2017-10-23,21:09:10,74286538,"3.3.3","win","US",88
"96",2017-10-23,21:10:28,78171332,"3.4.2","win","UY",89
"97",2017-10-23,21:10:37,64228613,"3.4.2","osx","CO",90
"98",2017-10-23,21:11:35,78171331,"3.4.2","win","US",91
"99",2017-10-23,21:12:31,64228612,"3.4.2","osx","GB",92
"100",2017-10-23,21:13:04,78171331,"3.4.2","win","US",83
"101",2017-10-23,00:28:51,64228613,"3.4.2","osx","US",93
"102",2017-10-23,00:29:56,78171332,"3.4.2","win","US",94
"103",2017-10-23,00:31:17,78171328,"3.4.2","win","US",95
"104",2017-10-23,00:32:34,78171332,"3.4.2","win","CA",96
"105",2017-10-23,00:33:02,29773394,"3.2.2","src","US",97
"106",2017-10-23,00:36:18,78171328,"3.4.2","win","US",98
"107",2017-10-23,00:36:19,78171328,"3.4.2","win","GB",99
"108",2017-10-23,00:36:41,78171332,"3.4.2","win","US",100
"109",2017-10-23,00:37:08,78171331,"3.4.2","win","US",101
"110",2017-10-23,00:38:05,64228612,"3.4.2","osx","US",102
"111",2017-10-23,00:38:35,74889236,"3.3.3","osx","US",103
"112",2017-10-23,22:22:20,78171331,"3.4.2","win","US",104
"113",2017-10-23,22:22:45,78171332,"3.4.2","win","US",105
"114",2017-10-23,22:22:51,78171331,"3.4.2","win","PT",106
"115",2017-10-23,22:23:11,78171332,"3.4.2","win","US",107
"116",2017-10-23,22:23:34,4128517,"3.4.2","win","RO",108
"117",2017-10-23,22:23:36,78171332,"3.4.2","win","MX",109
"118",2017-10-23,22:23:37,6455045,"3.4.2","win","RO",108
"119",2017-10-23,22:23:39,31555409,"3.4.2","win","RO",108
"120",2017-10-23,22:23:44,78171331,"3.4.2","win","RO",108
"121",2017-10-23,22:24:00,64228613,"3.4.2","osx","US",110
"122",2017-10-23,22:24:08,25591628,"3.4.2","win","CA",111
"123",2017-10-23,22:25:02,3145573,"3.4.2","win","US",112
"124",2017-10-23,22:25:23,78171331,"3.4.2","win","US",113
"125",2017-10-23,22:25:21,78171331,"3.4.2","win","CA",114
"126",2017-10-23,22:25:55,3443679,"3.4.2","osx","IT",115
"127",2017-10-23,22:25:52,64228609,"3.4.2","osx","GB",116
"128",2017-10-23,22:26:21,78171332,"3.4.2","win","US",117
"129",2017-10-23,22:26:22,78171331,"3.4.2","win","US",118
"130",2017-10-23,22:27:24,78171332,"3.4.2","win","US",119
"131",2017-10-23,22:27:35,64228613,"3.4.2","osx","US",120
"132",2017-10-23,22:27:32,78171331,"3.4.2","win","PE",121
"133",2017-10-23,22:28:11,78171332,"3.4.2","win","US",122
"134",2017-10-23,22:28:13,64228609,"3.4.2","osx","US",123
"135",2017-10-23,22:29:12,78171332,"3.4.2","win","US",117
"136",2017-10-23,22:29:27,78171332,"3.4.2","win","CA",124
"137",2017-10-23,22:30:08,78171328,"3.4.2","win","CN",125
"138",2017-10-23,22:31:31,78171328,"3.4.2","win","BR",126
"139",2017-10-23,04:46:13,78171332,"3.4.2","win","HK",127
"140",2017-10-23,04:46:33,64228609,"3.4.2","osx","CH",128
"141",2017-10-23,04:47:29,56655716,"3.4.2","win","US",129
"142",2017-10-23,04:47:27,64228609,"3.4.2","osx","AU",130
"143",2017-10-23,04:47:59,64228612,"3.4.2","osx","HK",131
"144",2017-10-23,04:48:41,74889236,"3.3.3","osx","HK",131
"145",2017-10-23,04:48:59,78171331,"3.4.2","win","JP",132
"146",2017-10-23,04:51:47,78171331,"3.4.2","win","KR",133
"147",2017-10-23,04:53:28,78171331,"3.4.2","win","HK",134
"148",2017-10-23,04:53:43,78171332,"3.4.2","win","US",135
"149",2017-10-23,04:54:07,78171322,"3.4.2","win","CN",136
"150",2017-10-23,04:54:25,78171328,"3.4.2","win","JP",137
"151",2017-10-23,04:55:01,64228609,"3.4.2","osx","US",138
"152",2017-10-23,04:54:49,78171328,"3.4.2","win","IN",139
"153",2017-10-23,04:55:19,78171328,"3.4.2","win","PL",140
"154",2017-10-23,02:17:20,30256071,"3.4.2","src","US",141
"155",2017-10-23,02:18:18,1835019,"3.4.2","osx","CN",142
"156",2017-10-23,02:18:06,78171332,"3.4.2","win","KR",143
"157",2017-10-23,02:18:09,78171328,"3.4.2","win","AU",144
"158",2017-10-23,02:18:34,71806347,"3.2.1","osx","US",145
"159",2017-10-23,02:19:04,78171328,"3.4.2","win","US",141
"160",2017-10-23,02:19:42,78171331,"3.4.2","win","CN",146
"161",2017-10-23,02:19:57,64228609,"3.4.2","osx","US",147
"162",2017-10-23,02:20:55,78171332,"3.4.2","win","MX",148
"163",2017-10-23,02:21:59,78171328,"3.4.2","win","SG",149
"164",2017-10-23,02:23:05,78171328,"3.4.2","win","CN",150
"165",2017-10-23,02:23:32,78171328,"3.4.2","win","BR",151
"166",2017-10-23,02:24:47,78171328,"3.4.2","win","HK",152
"167",2017-10-23,02:25:23,7585612,"3.4.2","win","CN",153
"168",2017-10-23,02:26:06,78171332,"3.4.2","win","CA",154
"169",2017-10-23,21:33:34,27983713,"3.4.2","osx","US",155
"170",2017-10-23,21:33:54,78171332,"3.4.2","win","CZ",156
"171",2017-10-23,21:34:27,78171331,"3.4.2","win","US",157
"172",2017-10-23,21:35:19,78171332,"3.4.2","win","US",158
"173",2017-10-23,21:35:28,64228609,"3.4.2","osx","US",159
"174",2017-10-23,21:36:28,78171332,"3.4.2","win","US",160
"175",2017-10-23,21:38:12,64228612,"3.4.2","osx","US",161
"176",2017-10-23,21:39:23,78171328,"3.4.2","win","US",162
"177",2017-10-23,21:39:32,78171328,"3.4.2","win","US",163
"178",2017-10-23,21:39:59,78171328,"3.4.2","win","DE",164
"179",2017-10-23,21:41:16,78171332,"3.4.2","win","TN",165
"180",2017-10-23,21:41:05,78171322,"3.4.2","win","NZ",166
"181",2017-10-23,21:41:34,2130149,"2.12.2","osx","US",167
"182",2017-10-23,21:41:30,64228613,"3.4.2","osx","US",168
"183",2017-10-23,21:41:58,64228609,"3.4.2","osx","RU",169
"184",2017-10-23,20:33:30,78171331,"3.4.2","win","CO",170
"185",2017-10-23,20:33:29,78171332,"3.4.2","win","DE",171
"186",2017-10-23,20:34:05,78171332,"3.4.2","win","US",172
"187",2017-10-23,20:34:17,78171328,"3.4.2","win","US",173
"188",2017-10-23,20:34:19,78171332,"3.4.2","win","FR",174
"189",2017-10-23,20:34:54,78171328,"3.4.2","win","US",175
"190",2017-10-23,20:35:06,29773391,"3.2.2","src","US",97
"191",2017-10-23,20:35:16,64228609,"3.4.2","osx","US",176
"192",2017-10-23,20:35:22,30256074,"3.4.2","src","FR",177
"193",2017-10-23,20:35:19,78171328,"3.4.2","win","CH",178
"194",2017-10-23,20:35:35,78171332,"3.4.2","win","ZA",179
"195",2017-10-23,20:36:04,78171328,"3.4.2","win","US",180
"196",2017-10-23,20:36:14,64228611,"3.4.2","osx","US",181
"197",2017-10-23,20:36:17,64228613,"3.4.2","osx","DE",182
"198",2017-10-23,20:36:32,29816703,"3.2.3","src","US",183
"199",2017-10-23,20:36:37,78171328,"3.4.2","win","BE",184
"200",2017-10-23,20:36:40,78171331,"3.4.2","win","US",185
"201",2017-10-23,20:36:56,78171332,"3.4.2","win","FR",186
"202",2017-10-23,20:36:45,78171332,"3.4.2","win","IT",187
"203",2017-10-23,20:36:51,78171332,"3.4.2","win","FR",188
"204",2017-10-23,20:36:44,78171332,"3.4.2","win","CZ",189
"205",2017-10-23,20:37:04,78171330,"3.4.2","win","GB",190
"206",2017-10-23,20:37:36,78171332,"3.4.2","win","DE",191
"207",2017-10-23,20:37:27,64228613,"3.4.2","osx","UA",192
"208",2017-10-23,20:37:45,78171330,"3.4.2","win","GB",193
"209",2017-10-23,20:38:25,64228612,"3.4.2","osx","US",194
"210",2017-10-23,20:38:20,64228613,"3.4.2","osx","GB",195
"211",2017-10-23,20:38:28,74286538,"3.3.3","win","BR",196
"212",2017-10-23,20:38:36,78171328,"3.4.2","win","US",197
"213",2017-10-23,20:38:55,74889230,"3.3.3","osx","US",181
"214",2017-10-23,20:38:44,78171331,"3.4.2","win","BE",198
"215",2017-10-23,20:39:02,78171328,"3.4.2","win","TR",199
"216",2017-10-23,20:39:00,78171332,"3.4.2","win","DE",200
"217",2017-10-23,20:39:20,30256071,"3.4.2","src","BE",184
"218",2017-10-23,20:39:18,74889236,"3.3.3","osx","US",201
"219",2017-10-23,20:39:44,78171331,"3.4.2","win","US",202
"220",2017-10-23,20:40:12,78171332,"3.4.2","win","US",203
"221",2017-10-23,20:40:31,78171332,"3.4.2","win","US",204
"222",2017-10-23,20:40:29,78171328,"3.4.2","win","US",205
"223",2017-10-23,20:40:28,78171331,"3.4.2","win","DE",206
"224",2017-10-23,20:41:01,78171331,"3.4.2","win","GB",207
"225",2017-10-23,20:41:28,21429893,"3.4.2","win","US",208
"226",2017-10-23,20:41:41,74889239,"3.3.3","osx","US",209
"227",2017-10-23,20:41:57,6061902,"3.4.2","win","US",210
"228",2017-10-23,20:42:01,78171331,"3.4.2","win","CA",211
"229",2017-10-23,20:42:23,78171330,"3.4.2","win","TR",212
"230",2017-10-23,04:58:27,78171332,"3.4.2","win","US",213
"231",2017-10-23,04:59:46,30256071,"3.4.2","src","AU",214
"232",2017-10-23,12:26:16,64228613,"3.4.2","osx","US",215
"233",2017-10-23,12:26:26,78171332,"3.4.2","win","FR",216
"234",2017-10-23,12:27:19,78171332,"3.4.2","win","GB",217
"235",2017-10-23,12:28:28,64228613,"3.4.2","osx","RS",218
"236",2017-10-23,12:30:21,78171332,"3.4.2","win","IL",219
"237",2017-10-23,12:30:35,78171328,"3.4.2","win","CH",220
"238",2017-10-23,12:30:42,966480,"3.4.2","win","PL",3
"239",2017-10-23,12:30:56,64228612,"3.4.2","osx","GB",221
"240",2017-10-23,12:31:16,78171331,"3.4.2","win","DK",222
"241",2017-10-23,12:32:16,64228609,"3.4.2","osx","CA",223
"242",2017-10-23,12:32:25,78171331,"3.4.2","win","DE",224
"243",2017-10-23,12:32:32,78171332,"3.4.2","win","FI",225
"244",2017-10-23,12:32:54,78171332,"3.4.2","win","CH",226
"245",2017-10-23,12:33:42,64228609,"3.4.2","osx","CN",227
"246",2017-10-23,12:33:48,78171328,"3.4.2","win","US",228
"247",2017-10-23,12:33:30,78171328,"3.4.2","win","KR",229
"248",2017-10-23,12:34:40,78171332,"3.4.2","win","RU",230
"249",2017-10-23,12:34:46,78171332,"3.4.2","win","GL",231
"250",2017-10-23,12:34:58,29773395,"3.2.2","src","US",97
"251",2017-10-23,12:35:08,78171332,"3.4.2","win","SE",232
"252",2017-10-23,12:35:15,78171328,"3.4.2","win","DE",233
"253",2017-10-23,12:35:09,78171328,"3.4.2","win","US",234
"254",2017-10-23,12:36:04,78171331,"3.4.2","win","NL",235
"255",2017-10-23,12:36:12,78171328,"3.4.2","win","BR",236
"256",2017-10-23,12:36:23,78171331,"3.4.2","win","KR",237
"257",2017-10-23,12:36:31,78171331,"3.4.2","win","IN",238
"258",2017-10-23,16:49:34,78171331,"3.4.2","win","MX",239
"259",2017-10-23,16:50:10,26951691,"3.4.2","win","JP",240
"260",2017-10-23,16:51:00,78171332,"3.4.2","win","US",241
"261",2017-10-23,16:51:39,14679509,"3.4.2","win","US",242
"262",2017-10-23,16:51:34,78171331,"3.4.2","win","DE",243
"263",2017-10-23,16:51:59,78171328,"3.4.2","win","ES",244
"264",2017-10-23,16:52:10,78171331,"3.4.2","win","FR",245
"265",2017-10-23,16:52:22,74889236,"3.3.3","osx","DE",246
"266",2017-10-23,16:52:30,78171328,"3.4.2","win","US",247
"267",2017-10-23,16:53:00,9597753,"3.4.2","win","US",242
"268",2017-10-23,16:55:12,78171331,"3.4.2","win","CH",248
"269",2017-10-23,16:55:13,78171328,"3.4.2","win","IN",249
"270",2017-10-23,16:55:30,78171330,"3.4.2","win","CM",250
"271",2017-10-23,16:55:36,78171331,"3.4.2","win","ES",244
"272",2017-10-23,16:55:56,64179473,"3.4.1","osx","US",251
"273",2017-10-23,16:55:49,78171331,"3.4.2","win","CH",248
"274",2017-10-23,16:56:12,78171331,"3.4.2","win","TR",252
"275",2017-10-23,16:56:14,64228612,"3.4.2","osx","NL",253
"276",2017-10-23,16:56:25,78171331,"3.4.2","win","FR",254
"277",2017-10-23,16:56:45,78171331,"3.4.2","win","DE",255
"278",2017-10-23,16:56:45,78171332,"3.4.2","win","US",256
"279",2017-10-23,16:56:46,4095841,"3.4.2","src","AR",257
"280",2017-10-23,16:57:18,78171331,"3.4.2","win","IT",258
"281",2017-10-23,16:57:28,78171331,"3.4.2","win","DE",259
"282",2017-10-23,16:57:41,74286538,"3.3.3","win","IN",260
"283",2017-10-23,16:57:45,78171331,"3.4.2","win","IN",261
"284",2017-10-23,16:58:26,30256071,"3.4.2","src","AR",262
"285",2017-10-23,16:58:55,78171332,"3.4.2","win","US",263
"286",2017-10-23,16:59:00,5275468,"3.4.2","win","BR",264
"287",2017-10-23,16:59:14,78171331,"3.4.2","win","GR",265
"288",2017-10-23,16:57:02,78171331,"3.4.2","win","IN",266
"289",2017-10-23,16:59:48,78171331,"3.4.2","win","PL",267
"290",2017-10-23,16:59:53,78171328,"3.4.2","win","US",268
"291",2017-10-23,02:00:08,64228609,"3.4.2","osx","AU",269
"292",2017-10-23,02:01:18,78171332,"3.4.2","win","US",270
"293",2017-10-23,02:01:13,78171328,"3.4.2","win","JP",271
"294",2017-10-23,02:01:09,74889236,"3.3.3","osx","AU",269
"295",2017-10-23,02:01:30,78171332,"3.4.2","win","US",117
"296",2017-10-23,02:01:54,78171330,"3.4.2","win","JP",271
"297",2017-10-23,02:03:46,78171332,"3.4.2","win","PE",272
"298",2017-10-23,02:05:55,78171332,"3.4.2","win","CN",273
"299",2017-10-23,21:51:58,78171331,"3.4.2","win","CH",274
"300",2017-10-23,21:52:18,78171332,"3.4.2","win","US",275
"301",2017-10-23,21:52:21,78171331,"3.4.2","win","US",276
"302",2017-10-23,21:52:39,78171328,"3.4.2","win","US",277
"303",2017-10-23,21:52:55,64228612,"3.4.2","osx","US",278
"304",2017-10-23,21:52:50,78171331,"3.4.2","win","US",279
"305",2017-10-23,21:53:30,78171331,"3.4.2","win","CH",274
"306",2017-10-23,21:54:44,78171331,"3.4.2","win","RU",280
"307",2017-10-23,21:55:16,78171331,"3.4.2","win","GB",281
"308",2017-10-23,21:55:32,64228612,"3.4.2","osx","RU",282
"309",2017-10-23,21:55:34,78171331,"3.4.2","win","DE",283
"310",2017-10-23,21:55:35,78171332,"3.4.2","win","US",112
"311",2017-10-23,21:55:52,78171331,"3.4.2","win","FR",284
"312",2017-10-23,21:55:25,78171328,"3.4.2","win","AU",285
"313",2017-10-23,21:56:22,78171331,"3.4.2","win","US",286
"314",2017-10-23,21:56:33,78171332,"3.4.2","win","US",287
"315",2017-10-23,21:57:28,78171332,"3.4.2","win","US",288
"316",2017-10-23,21:57:49,78171331,"3.4.2","win","PL",289
"317",2017-10-23,23:43:20,78171332,"3.4.2","win","US",290
"318",2017-10-23,23:44:48,78171332,"3.4.2","win","US",291
"319",2017-10-23,23:46:05,78171328,"3.4.2","win","US",292
"320",2017-10-23,06:05:30,78171328,"3.4.2","win","US",293
"321",2017-10-23,06:05:59,78171328,"3.4.2","win","TW",294
"322",2017-10-23,06:06:19,78171331,"3.4.2","win","ES",295
"323",2017-10-23,06:07:45,74889236,"3.3.3","osx","DE",296
"324",2017-10-23,06:08:00,78171331,"3.4.2","win","BE",297
"325",2017-10-23,06:08:46,78171328,"3.4.2","win","JP",298
"326",2017-10-23,06:09:34,78171332,"3.4.2","win","JP",299
"327",2017-10-23,06:09:43,78171331,"3.4.2","win","ES",295
"328",2017-10-23,06:11:15,78171326,"3.4.2","win","JP",300
"329",2017-10-23,06:12:02,78171331,"3.4.2","win","DE",301
"330",2017-10-23,06:12:57,78171331,"3.4.2","win","ES",295
"331",2017-10-23,06:14:07,64228609,"3.4.2","osx","US",302
"332",2017-10-23,06:14:20,78171328,"3.4.2","win","IN",303
"333",2017-10-23,07:53:57,78171331,"3.4.2","win","FR",304
"334",2017-10-23,07:54:12,78171331,"3.4.2","win","RU",305
"335",2017-10-23,07:54:29,78171331,"3.4.2","win","TR",306
"336",2017-10-23,07:54:34,78171331,"3.4.2","win","FI",307
"337",2017-10-23,07:55:11,78171331,"3.4.2","win","FR",308
"338",2017-10-23,07:55:21,78171331,"3.4.2","win","SI",309
"339",2017-10-23,07:55:40,78171331,"3.4.2","win","TR",310
"340",2017-10-23,07:55:50,78171332,"3.4.2","win","CN",311
"341",2017-10-23,07:56:06,78171331,"3.4.2","win","ZA",312
"342",2017-10-23,07:56:10,78171332,"3.4.2","win","JP",313
"343",2017-10-23,07:57:05,32248793,"3.4.2","win","FR",308
"344",2017-10-23,07:57:18,78171331,"3.4.2","win","DE",224
"345",2017-10-23,07:57:33,78171331,"3.4.2","win","TR",306
"346",2017-10-23,07:57:33,966282,"3.4.2","win","PL",3
"347",2017-10-23,07:57:47,78171332,"3.4.2","win","SE",314
"348",2017-10-23,07:58:02,78171332,"3.4.2","win","DK",315
"349",2017-10-23,07:57:29,78171328,"3.4.2","win","AR",316
"350",2017-10-23,07:58:39,78171332,"3.4.2","win","NL",317
"351",2017-10-23,07:58:50,78171331,"3.4.2","win","IL",318
"352",2017-10-23,17:11:13,26050212,"3.4.2","src","CN",319
"353",2017-10-23,17:12:08,78171331,"3.4.2","win","CA",320
"354",2017-10-23,17:12:38,78171328,"3.4.2","win","US",321
"355",2017-10-23,17:12:47,78171330,"3.4.2","win","ZA",322
"356",2017-10-23,17:14:13,78171331,"3.4.2","win","CA",323
"357",2017-10-23,17:14:16,78171331,"3.4.2","win","CA",324
"358",2017-10-23,17:14:24,78171331,"3.4.2","win","GB",325
"359",2017-10-23,17:14:19,78171332,"3.4.2","win","SA",326
"360",2017-10-23,17:14:34,64228612,"3.4.2","osx","NL",327
"361",2017-10-23,17:15:09,78171331,"3.4.2","win","US",328
"362",2017-10-23,17:15:56,78171331,"3.4.2","win","GB",329
"363",2017-10-23,17:16:13,78171331,"3.4.2","win","US",330
"364",2017-10-23,17:16:42,78171328,"3.4.2","win","DE",331
"365",2017-10-23,17:16:42,78171332,"3.4.2","win","IN",332
"366",2017-10-23,17:17:29,78171332,"3.4.2","win","IN",333
"367",2017-10-23,17:17:38,78171331,"3.4.2","win","US",334
"368",2017-10-23,17:17:48,78171330,"3.4.2","win","DE",335
"369",2017-10-23,17:19:37,78171332,"3.4.2","win","US",336
"370",2017-10-23,17:20:00,78171331,"3.4.2","win","MX",337
"371",2017-10-23,22:43:14,527,"3.4.2","src","US",338
"372",2017-10-23,22:43:24,30256064,"3.4.2","src","US",338
"373",2017-10-23,22:44:10,78171328,"3.4.2","win","US",339
"374",2017-10-23,22:44:39,78171328,"3.4.2","win","FR",340
"375",2017-10-23,22:44:45,78171331,"3.4.2","win","US",107
"376",2017-10-23,22:44:51,64228613,"3.4.2","osx","GB",341
"377",2017-10-23,22:48:09,78171332,"3.4.2","win","BR",342
"378",2017-10-23,22:49:13,78171331,"3.4.2","win","CA",343
"379",2017-10-23,22:49:40,78171328,"3.4.2","win","AU",344
"380",2017-10-23,22:50:32,78171328,"3.4.2","win","PL",345
"381",2017-10-23,22:51:05,78171328,"3.4.2","win","AU",346
"382",2017-10-23,22:51:13,78171332,"3.4.2","win","US",347
"383",2017-10-23,22:51:31,64228612,"3.4.2","osx","US",348
"384",2017-10-23,22:51:45,78171328,"3.4.2","win","US",349
"385",2017-10-23,11:00:10,64228612,"latest","osx","US",350
"386",2017-10-23,11:00:27,78171328,"3.4.2","win","FR",351
"387",2017-10-23,11:01:12,78171332,"3.4.2","win","CN",352
"388",2017-10-23,11:01:47,6094670,"3.4.2","win","LB",353
"389",2017-10-23,11:02:41,78171331,"3.4.2","win","FR",354
"390",2017-10-23,11:03:27,78171331,"3.4.2","win","BE",355
"391",2017-10-23,11:03:45,78171331,"3.4.2","win","DE",356
"392",2017-10-23,11:04:02,78171328,"3.4.2","win","CN",357
"393",2017-10-23,11:04:52,78171331,"3.4.2","win","DE",358
"394",2017-10-23,11:05:01,78171331,"3.4.2","win","NG",359
"395",2017-10-23,11:05:13,78171331,"3.4.2","win","BE",360
"396",2017-10-23,11:05:38,78171332,"3.4.2","win","US",361
"397",2017-10-23,11:05:44,64228612,"3.4.2","osx","BE",362
"398",2017-10-23,11:06:16,78171331,"3.4.2","win","GB",363
"399",2017-10-23,05:17:06,78171328,"3.4.2","win","AU",364
"400",2017-10-23,05:17:43,1067241,"3.4.2","osx","IN",365
"401",2017-10-23,05:17:56,64228609,"3.4.2","osx","DE",366
"402",2017-10-23,05:17:23,78171328,"3.4.2","win","SE",367
"403",2017-10-23,05:18:20,64228610,"3.4.2","osx","IN",365
"404",2017-10-23,05:20:12,1015652,"3.4.2","win","UG",368
"405",2017-10-23,05:21:58,64228609,"3.4.2","osx","AU",369
"406",2017-10-23,05:23:36,28656462,"3.1.2","src","JP",370
"407",2017-10-23,05:24:06,78171331,"3.4.2","win","US",371
"408",2017-10-23,05:25:26,78171330,"3.4.2","win","US",372
"409",2017-10-23,05:25:31,78171331,"3.4.2","win","IN",373
"410",2017-10-23,05:25:47,28607090,"3.1.1","src","IN",374
"411",2017-10-23,21:13:18,37043996,"3.4.2","win","US",375
"412",2017-10-23,21:13:29,78171328,"3.4.2","win","US",375
"413",2017-10-23,21:13:38,78171331,"3.4.2","win","US",83
"414",2017-10-23,21:13:28,78171328,"3.4.2","win","PL",376
"415",2017-10-23,21:13:50,78171332,"3.4.2","win","GB",377
"416",2017-10-23,21:14:33,78171328,"3.4.2","win","CA",80
"417",2017-10-23,21:14:31,78171328,"3.4.2","win","US",378
"418",2017-10-23,21:15:57,78171328,"3.4.2","win","US",379
"419",2017-10-23,21:16:15,78171328,"3.4.2","win","CA",380
"420",2017-10-23,21:16:27,78171331,"3.4.2","win","GB",381
"421",2017-10-23,21:16:42,78171332,"3.4.2","win","US",382
"422",2017-10-23,21:17:42,71806347,"3.2.1","osx","CA",383
"423",2017-10-23,21:17:48,78171328,"3.4.2","win","US",384
"424",2017-10-23,21:18:33,78171331,"3.4.2","win","DE",385
"425",2017-10-23,21:18:52,22085254,"3.4.2","win","BY",386
"426",2017-10-23,21:19:16,64228609,"3.4.2","osx","ES",387
"427",2017-10-23,21:19:05,78171331,"3.4.2","win","BY",386
"428",2017-10-23,21:19:14,78171328,"3.4.2","win","US",107
"429",2017-10-23,21:19:32,78171332,"3.4.2","win","US",388
"430",2017-10-23,21:20:47,78171331,"3.4.2","win","US",389
"431",2017-10-23,21:21:03,78171332,"3.4.2","win","US",390
"432",2017-10-23,21:21:08,78171331,"3.4.2","win","US",391
"433",2017-10-23,21:21:09,78171331,"3.4.2","win","US",117
"434",2017-10-23,21:21:01,78171328,"3.4.2","win","NZ",392
"435",2017-10-23,21:22:35,78171328,"3.4.2","win","US",393
"436",2017-10-23,21:22:56,78171331,"3.4.2","win","US",117
"437",2017-10-23,21:23:11,78171331,"3.4.2","win","RU",394
"438",2017-10-23,10:56:27,64228609,"3.4.2","osx","NL",395
"439",2017-10-23,10:56:43,78171331,"3.4.2","win","ES",396
"440",2017-10-23,10:57:46,64228609,"3.4.2","osx","IN",397
"441",2017-10-23,10:57:49,78171331,"3.4.2","win","IN",398
"442",2017-10-23,10:57:59,78171331,"3.4.2","win","ES",399
"443",2017-10-23,10:58:28,64228612,"latest","osx","US",350
"444",2017-10-23,10:59:17,78171328,"3.4.2","win","SE",400
"445",2017-10-23,10:59:20,30200630,"3.4.1","src","CN",401
"446",2017-10-23,10:59:32,78171331,"3.4.2","win","FR",402
"447",2017-10-23,10:15:13,78171331,"3.4.2","win","IN",403
"448",2017-10-23,10:15:13,64228609,"latest","osx","US",350
"449",2017-10-23,10:15:14,78171332,"3.4.2","win","FR",404
"450",2017-10-23,10:15:33,78171332,"3.4.2","win","MA",405
"451",2017-10-23,10:15:26,74889236,"3.3.3","osx","ZA",406
"452",2017-10-23,10:15:41,78171331,"3.4.2","win","IT",407
"453",2017-10-23,10:15:48,78171331,"3.4.2","win","IN",403
"454",2017-10-23,10:16:04,78171332,"3.4.2","win","SI",408
"455",2017-10-23,10:16:15,21397324,"3.4.2","win","BR",409
"456",2017-10-23,10:16:33,78171330,"3.4.2","win","BR",410
"457",2017-10-23,10:16:37,78171332,"3.4.2","win","DE",411
"458",2017-10-23,10:16:51,78171328,"3.4.2","win","JP",412
"459",2017-10-23,10:16:59,78171332,"3.4.2","win","FR",413
"460",2017-10-23,10:16:55,78171332,"3.4.2","win","FR",414
"461",2017-10-23,10:17:15,78171332,"3.4.2","win","GB",415
"462",2017-10-23,10:17:20,78171331,"3.4.2","win","AM",416
"463",2017-10-23,10:17:12,78171328,"3.4.2","win","IN",13
"464",2017-10-23,10:17:26,78171332,"3.4.2","win","GB",417
"465",2017-10-23,10:17:31,78171330,"3.4.2","win","PH",418
"466",2017-10-23,10:17:29,78171332,"3.4.2","win","AU",419
"467",2017-10-23,10:17:36,1031934,"3.4.2","win","CN",420
"468",2017-10-23,10:17:43,64228612,"3.4.2","osx","EU",421
"469",2017-10-23,10:17:27,78171332,"3.4.2","win","IN",403
"470",2017-10-23,10:18:03,64228612,"3.4.2","osx","GB",422
"471",2017-10-23,10:18:32,78171328,"3.4.2","win","GB",415
"472",2017-10-23,10:18:22,78171328,"3.4.2","win","IN",403
"473",2017-10-23,10:18:29,1015454,"3.4.2","win","CN",420
"474",2017-10-23,10:19:25,2424676,"3.4.2","win","CN",420
"475",2017-10-23,10:19:26,78171331,"3.4.2","win","NO",423
"476",2017-10-23,10:19:46,64228612,"latest","osx","US",62
"477",2017-10-23,10:19:48,64228612,"latest","osx","US",62
"478",2017-10-23,10:20:54,78171331,"3.4.2","win","DE",424
"479",2017-10-23,10:21:05,1703757,"3.4.2","win","FR",425
"480",2017-10-23,10:21:45,78171328,"3.4.2","win","RU",426
"481",2017-10-23,10:22:02,64228609,"3.4.2","osx","IT",427
"482",2017-10-23,10:23:34,78171331,"3.4.2","win","AR",428
"483",2017-10-23,10:23:57,78171328,"3.4.2","win","AU",419
"484",2017-10-23,10:24:01,64228613,"3.4.2","osx","IE",429
"485",2017-10-23,10:23:18,64228609,"3.4.2","osx","CA",430
"486",2017-10-23,10:24:48,78171330,"3.4.2","win","AU",431
"487",2017-10-23,10:24:59,78171328,"3.4.2","win","GB",432
"488",2017-10-23,10:25:01,64228609,"3.4.2","osx","IN",433
"489",2017-10-23,07:00:09,78171331,"3.4.2","win","CN",434
"490",2017-10-23,07:01:23,64228612,"3.4.2","osx","JP",435
"491",2017-10-23,07:01:48,78171332,"3.4.2","win","AM",416
"492",2017-10-23,07:03:06,78171331,"3.4.2","win","IN",436
"493",2017-10-23,13:28:13,64228613,"3.4.2","osx","GB",437
"494",2017-10-23,13:28:41,78171331,"3.4.2","win","IN",438
"495",2017-10-23,13:29:12,78171332,"3.4.2","win","DE",439
"496",2017-10-23,13:29:12,30256071,"3.4.2","src","CN",440
"497",2017-10-23,13:29:28,4851927,"3.4.2","win","US",441
"498",2017-10-23,13:29:51,78171331,"3.4.2","win","GB",442
"499",2017-10-23,13:29:59,78171331,"3.4.2","win","US",443
"500",2017-10-23,13:30:32,78171332,"3.4.2","win","IN",444
