<?xml version="1.0"?>
<!--<!DOCTYPE metadata SYSTEM "http://www.esri.com/metadata/esriprof80.dtd">-->
<metadata xml:lang="en"><Esri><MetaID>{9ABBC738-D868-4204-A023-70EB12ED3BAE}</MetaID><CreaDate>20061201</CreaDate><CreaTime>13552800</CreaTime><SyncOnce>FALSE</SyncOnce><DataProperties><lineage><Process Name="Create Feature Class" ToolSource="C:\Program Files\ArcGIS\ArcToolbox\Toolboxes\Data Management Tools.tbx\CreateFeatureclass" Date="20061201" Time="135528">CreateFeatureclass "Database Connections\Connection to gissdep as wake.sde" MAJORSTREAMS # WAKE_Layer SAME_AS_TEMPLATE SAME_AS_TEMPLATE "PROJCS['NAD_1983_StatePlane_North_Carolina_FIPS_3200_Feet',GEOGCS['GCS_North_American_1983',DATUM['D_North_American_1983',SPHEROID['GRS_1980',6378137.0,298.257222101]],PRIMEM['Greenwich',0.0],UNIT['Degree',0.0174532925199433]],PROJECTION['Lambert_Conformal_Conic'],PARAMETER['False_Easting',2000000.002616666],PARAMETER['False_Northing',0.0],PARAMETER['Central_Meridian',-79.0],PARAMETER['Standard_Parallel_1',34.33333333333334],PARAMETER['Standard_Parallel_2',36.16666666666666],PARAMETER['Latitude_Of_Origin',33.75],UNIT['Foot_US',0.3048006096012192]];-8588932 -9954686 10;0 1;0 1" # 0 0 0 "Database Connections\Connection to gissdep as wake.sde\WAKE.MAJORSTREAMS"</Process><Process Name="Append" ToolSource="C:\Program Files\ArcGIS\ArcToolbox\Toolboxes\Data Management Tools.tbx\Append" Date="20061201" Time="135548">Append WAKE_Layer "Database Connections\Connection to gissdep as wake.sde\WAKE.MAJORSTREAMS" TEST "Database Connections\Connection to gissdep as wake.sde\WAKE.MAJORSTREAMS"</Process><Process Name="FeatureClassToFeatureClass_1" ToolSource="C:\Program Files\ArcGIS\ArcToolbox\Toolboxes\Conversion Tools.tbx\FeatureClassToFeatureClass" Date="20061201" Time="135552">FeatureClassToFeatureClass "Database Connections\Connection to GIS11 as WAKE.sde\WAKE.MAJORSTREAMS" "Database Connections\Connection to gissdep as wake.sde" MAJORSTREAMS # "FNODE_ FNODE_ HIDDEN;TNODE_ TNODE_ HIDDEN;LPOLY_ LPOLY_ HIDDEN;RPOLY_ RPOLY_ HIDDEN;LENGTH LENGTH HIDDEN;FULL_HYDRO FULL_HYDRO HIDDEN;FULL_HYD_1 FULL_HYD_1 HIDDEN;FTYPE FTYPE VISIBLE;FCODE FCODE VISIBLE;NAME NAME VISIBLE;RCH_CODE RCH_CODE VISIBLE;SHAPE.LEN SHAPE.LEN VISIBLE" SAME_AS_TEMPLATE SAME_AS_TEMPLATE # 0 "Database Connections\Connection to gissdep as wake.sde\WAKE.MAJORSTREAMS"</Process><Process ToolSource="C:\Program Files\ArcGIS\ArcToolbox\Toolboxes\Data Management Tools.tbx\DeleteFeatures" Date="20111003" Time="175029">DeleteFeatures "Database Connections\connection to gissdep as wake.sde\WAKE.MAJORSTREAMS" "Database Connections\connection to gissdep as wake.sde\WAKE.MAJORSTREAMS"</Process><Process ToolSource="C:\Program Files\ArcGIS\ArcToolbox\Toolboxes\Data Management Tools.tbx\Append" Date="20111003" Time="175201">Append L:\EnviroProjects\water_quality_fgdb.gdb\wshd_mgmt\major_streams_sde_working_copy "Database Connections\connection to gissdep as wake.sde\WAKE.MAJORSTREAMS" NO_TEST "FTYPE 'FTYPE' true true false 24 Text 0 0 ,First,#,L:\EnviroProjects\water_quality_fgdb.gdb\wshd_mgmt\major_streams_sde_working_copy,FTYPE,-1,-1;FCODE 'FCODE' true true false 4 Long 0 5 ,First,#,L:\EnviroProjects\water_quality_fgdb.gdb\wshd_mgmt\major_streams_sde_working_copy,FCODE,-1,-1;NAME 'NAME' true true false 99 Text 0 0 ,First,#,L:\EnviroProjects\water_quality_fgdb.gdb\wshd_mgmt\major_streams_sde_working_copy,NAME,-1,-1;RCH_CODE 'RCH_CODE' true true false 14 Text 0 0 ,First,#,L:\EnviroProjects\water_quality_fgdb.gdb\wshd_mgmt\major_streams_sde_working_copy,RCH_CODE,-1,-1;SHAPE.LEN 'SHAPE.LEN' false false true 0 Double 0 0 ,First,#" # "Database Connections\connection to gissdep as wake.sde\WAKE.MAJORSTREAMS"</Process><Process ToolSource="C:\Program Files\ArcGIS\ArcToolbox\Toolboxes\Conversion Tools.tbx\FeatureClassToFeatureClass" Date="20111004" Time="134159">FeatureClassToFeatureClass "Database Connections\Direct Connection to SDEP as wake.sde\WAKE.MAJORSTREAMS" "Y:\Zipped Shapes\RenamedZippedShapes\ENVIRONMENTAL" Wake_MajorStreams_2011_10.shp # "FTYPE 'FTYPE' true true false 24 Text 0 0 ,First,#,Database Connections\Direct Connection to SDEP as wake.sde\WAKE.MAJORSTREAMS,FTYPE,-1,-1;FCODE 'FCODE' true true false 4 Long 0 5 ,First,#,Database Connections\Direct Connection to SDEP as wake.sde\WAKE.MAJORSTREAMS,FCODE,-1,-1;NAME 'NAME' true true false 99 Text 0 0 ,First,#,Database Connections\Direct Connection to SDEP as wake.sde\WAKE.MAJORSTREAMS,NAME,-1,-1;RCH_CODE 'RCH_CODE' true true false 14 Text 0 0 ,First,#,Database Connections\Direct Connection to SDEP as wake.sde\WAKE.MAJORSTREAMS,RCH_CODE,-1,-1;SHAPE_LEN 'SHAPE_LEN' false false true 0 Double 0 0 ,First,#,Database Connections\Direct Connection to SDEP as wake.sde\WAKE.MAJORSTREAMS,SHAPE.LEN,-1,-1" # "Y:\Zipped Shapes\RenamedZippedShapes\ENVIRONMENTAL\Wake_MajorStreams_2011_10.shp"</Process></lineage></DataProperties><SyncDate>20111004</SyncDate><SyncTime>13415400</SyncTime><ModDate>20111004</ModDate><ModTime>13415400</ModTime></Esri><idinfo><native Sync="TRUE">Microsoft Windows XP Version 5.1 (Build 2600) Service Pack 3; ESRI ArcCatalog 9.3.1.4000</native><descript><langdata Sync="TRUE">en</langdata><abstract>REQUIRED: A brief narrative summary of the data set.</abstract><purpose>REQUIRED: A summary of the intentions with which the data set was developed.</purpose></descript><citation><citeinfo><origin>REQUIRED: The name of an organization or individual that developed the data set.</origin><pubdate>REQUIRED: The date when the data set is published or otherwise made available for release.</pubdate><title Sync="TRUE">Wake_MajorStreams_2011_10</title><ftname Sync="TRUE">Wake_MajorStreams_2011_10</ftname><geoform Sync="TRUE">vector digital data</geoform><onlink Sync="TRUE">\\data2\gis\Zipped Shapes\RenamedZippedShapes\ENVIRONMENTAL\Wake_MajorStreams_2011_10.shp</onlink></citeinfo></citation><timeperd><current>REQUIRED: The basis on which the time period of content information is determined.</current><timeinfo><sngdate><caldate>REQUIRED: The year (and optionally month, or month and day) for which the data set corresponds to the ground.</caldate></sngdate></timeinfo></timeperd><status><progress>REQUIRED: The state of the data set.</progress><update>REQUIRED: The frequency with which changes and additions are made to the data set after the initial data set is completed.</update></status><spdom><bounding><westbc Sync="TRUE">-78.970814</westbc><eastbc Sync="TRUE">-78.251437</eastbc><northbc Sync="TRUE">36.072154</northbc><southbc Sync="TRUE">35.524190</southbc></bounding><lboundng><leftbc Sync="TRUE">2008683.800000</leftbc><rightbc Sync="TRUE">2221230.600000</rightbc><bottombc Sync="TRUE">646535.600000</bottombc><topbc Sync="TRUE">845165.600000</topbc></lboundng></spdom><keywords><theme><themekt>REQUIRED: Reference to a formally registered thesaurus or a similar authoritative source of theme keywords.</themekt><themekey>REQUIRED: Common-use word or phrase used to describe the subject of the data set.</themekey></theme></keywords><accconst>REQUIRED: Restrictions and legal prerequisites for accessing the data set.</accconst><useconst>REQUIRED: Restrictions and legal prerequisites for using the data set after access is granted.</useconst><natvform Sync="TRUE">Shapefile</natvform></idinfo><dataIdInfo><envirDesc Sync="TRUE">Microsoft Windows XP Version 5.1 (Build 2600) Service Pack 3; ESRI ArcCatalog 9.3.1.4000</envirDesc><dataLang><languageCode Sync="TRUE" value="en"></languageCode></dataLang><idCitation><resTitle Sync="TRUE">Wake_MajorStreams_2011_10</resTitle><presForm><PresFormCd Sync="TRUE" value="005"></PresFormCd></presForm></idCitation><spatRpType><SpatRepTypCd Sync="TRUE" value="001"></SpatRepTypCd></spatRpType><dataExt><geoEle><GeoBndBox esriExtentType="native"><westBL Sync="TRUE">2008683.8</westBL><eastBL Sync="TRUE">2221230.6</eastBL><northBL Sync="TRUE">845165.6</northBL><southBL Sync="TRUE">646535.6</southBL><exTypeCode Sync="TRUE">1</exTypeCode></GeoBndBox></geoEle></dataExt><geoBox esriExtentType="decdegrees"><westBL Sync="TRUE">-78.970814</westBL><eastBL Sync="TRUE">-78.251437</eastBL><northBL Sync="TRUE">36.072154</northBL><southBL Sync="TRUE">35.52419</southBL><exTypeCode Sync="TRUE">1</exTypeCode></geoBox></dataIdInfo><metainfo><langmeta Sync="TRUE">en</langmeta><metstdn Sync="TRUE">FGDC Content Standards for Digital Geospatial Metadata</metstdn><metstdv Sync="TRUE">FGDC-STD-001-1998</metstdv><mettc Sync="TRUE">local time</mettc><metc><cntinfo><cntorgp><cntper>REQUIRED: The person responsible for the metadata information.</cntper><cntorg>REQUIRED: The organization responsible for the metadata information.</cntorg></cntorgp><cntaddr><addrtype>REQUIRED: The mailing and/or physical address for the organization or individual.</addrtype><city>REQUIRED: The city of the address.</city><state>REQUIRED: The state or province of the address.</state><postal>REQUIRED: The ZIP or other postal code of the address.</postal></cntaddr><cntvoice>REQUIRED: The telephone number by which individuals can speak to the organization or individual.</cntvoice></cntinfo></metc><metd Sync="TRUE">20111004</metd><metextns><onlink Sync="TRUE">http://www.esri.com/metadata/esriprof80.html</onlink><metprof Sync="TRUE">ESRI Metadata Profile</metprof></metextns></metainfo><mdLang><languageCode Sync="TRUE" value="en"></languageCode></mdLang><mdStanName Sync="TRUE">ISO 19115 Geographic Information - Metadata</mdStanName><mdStanVer Sync="TRUE">DIS_ESRI1.0</mdStanVer><mdChar><CharSetCd Sync="TRUE" value="004"></CharSetCd></mdChar><mdHrLv><ScopeCd Sync="TRUE" value="005"></ScopeCd></mdHrLv><mdHrLvName Sync="TRUE">dataset</mdHrLvName><distinfo><resdesc Sync="TRUE">Downloadable Data</resdesc><stdorder><digform><digtinfo><transize Sync="TRUE">0.000</transize><dssize Sync="TRUE">0.000</dssize></digtinfo></digform></stdorder></distinfo><distInfo><distributor><distorTran><onLineSrc><orDesc Sync="TRUE">002</orDesc><linkage Sync="TRUE">file://\\data2\gis\Zipped Shapes\RenamedZippedShapes\ENVIRONMENTAL\Wake_MajorStreams_2011_10.shp</linkage><protocol Sync="TRUE">Local Area Network</protocol></onLineSrc><transSize Sync="TRUE">0.000</transSize></distorTran><distorFormat><formatName Sync="TRUE">Shapefile</formatName></distorFormat></distributor></distInfo><spdoinfo><direct Sync="TRUE">Vector</direct><ptvctinf><esriterm Name="Wake_MajorStreams_2011_10"><efeatyp Sync="TRUE">Simple</efeatyp><efeageom Sync="TRUE">Polyline</efeageom><esritopo Sync="TRUE">FALSE</esritopo><efeacnt Sync="TRUE">0</efeacnt><spindex Sync="TRUE">FALSE</spindex><linrefer Sync="TRUE">FALSE</linrefer></esriterm><sdtsterm Name="Wake_MajorStreams_2011_10"><sdtstype Sync="TRUE">String</sdtstype><ptvctcnt Sync="TRUE">0</ptvctcnt></sdtsterm></ptvctinf></spdoinfo><spref><horizsys><cordsysn><geogcsn Sync="TRUE">GCS_North_American_1983</geogcsn><projcsn Sync="TRUE">NAD_1983_StatePlane_North_Carolina_FIPS_3200_Feet</projcsn></cordsysn><planar><planci><plance Sync="TRUE">coordinate pair</plance><plandu Sync="TRUE">survey feet</plandu><coordrep><absres Sync="TRUE">0.000000</absres><ordres Sync="TRUE">0.000000</ordres></coordrep></planci><mapproj><mapprojn Sync="TRUE">Lambert Conformal Conic</mapprojn><lambertc><stdparll Sync="TRUE">34.333333</stdparll><stdparll Sync="TRUE">36.166667</stdparll><longcm Sync="TRUE">-79.000000</longcm><latprjo Sync="TRUE">33.750000</latprjo><feast Sync="TRUE">2000000.002617</feast><fnorth Sync="TRUE">0.000000</fnorth></lambertc></mapproj></planar><geodetic><horizdn Sync="TRUE">North American Datum of 1983</horizdn><ellips Sync="TRUE">Geodetic Reference System 80</ellips><semiaxis Sync="TRUE">6378137.000000</semiaxis><denflat Sync="TRUE">298.257222</denflat></geodetic></horizsys><vertdef><altsys><altenc Sync="TRUE">Explicit elevation coordinate included with horizontal coordinates</altenc><altres Sync="TRUE">1.000000</altres></altsys></vertdef></spref><refSysInfo><RefSystem><refSysID><identCode Sync="TRUE">NAD_1983_StatePlane_North_Carolina_FIPS_3200_Feet</identCode></refSysID></RefSystem></refSysInfo><spatRepInfo><VectSpatRep><topLvl><TopoLevCd Sync="TRUE" value="001"></TopoLevCd></topLvl><geometObjs Name="Wake_MajorStreams_2011_10"><geoObjTyp><GeoObjTypCd Sync="TRUE" value="001"></GeoObjTypCd></geoObjTyp><geoObjCnt Sync="TRUE">0</geoObjCnt></geometObjs></VectSpatRep></spatRepInfo><eainfo><detailed Name="Wake_MajorStreams_2011_10"><enttyp><enttypl Sync="TRUE">Wake_MajorStreams_2011_10</enttypl><enttypt Sync="TRUE">Feature Class</enttypt><enttypc Sync="TRUE">0</enttypc></enttyp><attr><attrlabl Sync="TRUE">FID</attrlabl><attalias Sync="TRUE">FID</attalias><attrtype Sync="TRUE">OID</attrtype><attwidth Sync="TRUE">4</attwidth><atprecis Sync="TRUE">0</atprecis><attscale Sync="TRUE">0</attscale><attrdef Sync="TRUE">Internal feature number.</attrdef><attrdefs Sync="TRUE">ESRI</attrdefs><attrdomv><udom Sync="TRUE">Sequential unique whole numbers that are automatically generated.</udom></attrdomv></attr><attr><attrlabl Sync="TRUE">FTYPE</attrlabl><attalias Sync="TRUE">FTYPE</attalias><attrtype Sync="TRUE">String</attrtype><attwidth Sync="TRUE">24</attwidth></attr><attr><attrlabl Sync="TRUE">FCODE</attrlabl><attalias Sync="TRUE">FCODE</attalias><attrtype Sync="TRUE">Number</attrtype><attwidth Sync="TRUE">5</attwidth></attr><attr><attrlabl Sync="TRUE">NAME</attrlabl><attalias Sync="TRUE">NAME</attalias><attrtype Sync="TRUE">String</attrtype><attwidth Sync="TRUE">99</attwidth></attr><attr><attrlabl Sync="TRUE">RCH_CODE</attrlabl><attalias Sync="TRUE">RCH_CODE</attalias><attrtype Sync="TRUE">String</attrtype><attwidth Sync="TRUE">14</attwidth></attr><attr><attrlabl Sync="TRUE">SHAPE</attrlabl><attalias Sync="TRUE">Shape</attalias><attrtype Sync="TRUE">Geometry</attrtype><attwidth Sync="TRUE">0</attwidth><atprecis Sync="TRUE">0</atprecis><attscale Sync="TRUE">0</attscale><attrdef Sync="TRUE">Feature geometry.</attrdef><attrdefs Sync="TRUE">ESRI</attrdefs><attrdomv><udom Sync="TRUE">Coordinates defining the features.</udom></attrdomv></attr><attr><attrlabl Sync="TRUE">SHAPE_LEN</attrlabl><attalias Sync="TRUE">SHAPE_LEN</attalias><attrtype Sync="TRUE">Float</attrtype><attwidth Sync="TRUE">19</attwidth><atnumdec Sync="TRUE">11</atnumdec></attr></detailed></eainfo><mdDateSt Sync="TRUE">20111004</mdDateSt></metadata>
